pitcher_total,bullpen_total,rule,Westbrook,Davis,Sauerbeck,best
0.0,16.5,paper,0.5141163633946911,0.1972933460477409,0.2885902905575679,Westbrook
0.0,16.5,round,0.4441183075157495,0.20706051307495313,0.34882117940929747,Westbrook
0.0,16.5,exact,0.441137561065181,0.2054398925785867,0.3534225463562323,Westbrook
0.5,16.0,paper,0.5141163633946911,0.1972933460477409,0.2885902905575679,Westbrook
0.5,16.0,round,0.4441183075157495,0.20706051307495313,0.34882117940929747,Westbrook
0.5,16.0,exact,0.4559375066479274,0.20103277269194758,0.34302972066012505,Westbrook
1.0,15.5,paper,0.5141163633946911,0.1972933460477409,0.2885902905575679,Westbrook
1.0,15.5,round,0.41218530013594945,0.20860766350761512,0.3792070363564355,Westbrook
1.0,15.5,exact,0.45389300403351546,0.2029574056158488,0.3431495903506357,Westbrook
1.5,15.0,paper,0.5141163633946911,0.1972933460477409,0.2885902905575679,Westbrook
1.5,15.0,round,0.4235889835142886,0.20833873242186304,0.3680722840638484,Westbrook
1.5,15.0,exact,0.4518485014191034,0.20488203853975,0.34326946004114656,Westbrook
2.0,14.5,paper,0.5193205139540285,0.19672056319556347,0.283958922850408,Westbrook
2.0,14.5,round,0.42771426328898204,0.20973947359672357,0.36254626311429433,Westbrook
2.0,14.5,exact,0.4498039988046914,0.20680667146365128,0.3433893297316573,Westbrook
2.5,14.0,paper,0.5006997252168052,0.1984933083993669,0.30080696638382787,Westbrook
2.5,14.0,round,0.43403805831969333,0.21066995387327558,0.3552919878070311,Westbrook
2.5,14.0,exact,0.4477594961902796,0.20873130438755255,0.3435091994221679,Westbrook
3.0,13.5,paper,0.5037954695094466,0.1989640552826999,0.29724047520785346,Westbrook
3.0,13.5,round,0.4301106954741104,0.212847417141057,0.3570418873848326,Westbrook
3.0,13.5,exact,0.4457149935758674,0.21065593731145382,0.3436290691126789,Westbrook
3.5,13.0,paper,0.5117113669718434,0.2000525432022494,0.2882360898259073,Westbrook
3.5,13.0,round,0.43788022583182107,0.21358913145480996,0.348530642713369,Westbrook
3.5,13.0,exact,0.4436704909614555,0.21258057023535504,0.3437489388031895,Westbrook
4.0,12.5,paper,0.5117113669718434,0.2000525432022494,0.2882360898259073,Westbrook
4.0,12.5,round,0.4307211768638681,0.21536141139367748,0.3539174117424545,Westbrook
4.0,12.5,exact,0.4416259883470435,0.21450520315925625,0.3438688084937002,Westbrook
4.5,12.0,paper,0.5030532318425551,0.2016535665190087,0.2952932016384361,Westbrook
4.5,12.0,round,0.4407305009295648,0.21675089266700953,0.3425186064034258,Westbrook
4.5,12.0,exact,0.4395814857326314,0.21642983608315752,0.3439886781842111,Westbrook
5.0,11.5,paper,0.4379036890397106,0.20560851290274845,0.35648779805754083,Westbrook
5.0,11.5,round,0.44726988830354125,0.22058315950680868,0.3321469521896501,Westbrook
5.0,11.5,exact,0.4375369831182194,0.21835446900705874,0.3441085478747219,Westbrook
5.5,11.0,paper,0.4357568923695645,0.21002509704518052,0.354218010585255,Westbrook
5.5,11.0,round,0.44726988830354125,0.22058315950680868,0.3321469521896501,Westbrook
5.5,11.0,exact,0.4354924805038074,0.22027910193095995,0.3442284175652326,Westbrook
6.0,10.5,paper,0.4357568923695645,0.21002509704518052,0.354218010585255,Westbrook
6.0,10.5,round,0.4178351399399344,0.2249216237289368,0.35724323633112887,Westbrook
6.0,10.5,exact,0.4334479778893955,0.22220373485486125,0.3443482872557434,Westbrook
6.5,10.0,paper,0.4567214608839341,0.2103626341951879,0.332915904920878,Westbrook
6.5,10.0,round,0.4178351399399344,0.2249216237289368,0.35724323633112887,Westbrook
6.5,10.0,exact,0.4314034752749835,0.22412836777876244,0.344468156946254,Westbrook
7.0,9.5,paper,0.3979189127394679,0.21187302206981973,0.3902080651907125,Westbrook
7.0,9.5,round,0.40815591852395294,0.22967373297975394,0.3621703484962932,Westbrook
7.0,9.5,exact,0.42935897266057144,0.2260530007026637,0.34458802663676485,Westbrook
7.5,9.0,paper,0.3979189127394679,0.21187302206981973,0.3902080651907125,Westbrook
7.5,9.0,round,0.4274343678965256,0.23400763834516033,0.33855799375831414,Westbrook
7.5,9.0,exact,0.4273144700461594,0.22797763362656495,0.3447078963272756,Westbrook
8.0,8.5,paper,0.4004298797689612,0.22177954657217896,0.37779057365885993,Westbrook
8.0,8.5,round,0.4274343678965256,0.23400763834516033,0.33855799375831414,Westbrook
8.0,8.5,exact,0.4252699674317474,0.2299022665504662,0.3448277660177864,Westbrook
8.5,8.0,paper,0.4004298797689612,0.22177954657217896,0.37779057365885993,Westbrook
8.5,8.0,round,0.4274343678965256,0.23400763834516033,0.33855799375831414,Westbrook
8.5,8.0,exact,0.4232254648173354,0.23182689947436744,0.3449476357082972,Westbrook
9.0,7.5,paper,0.3759404460730598,0.23256288583661194,0.3914966680903283,Sauerbeck
9.0,7.5,round,0.4274343678965256,0.23400763834516033,0.33855799375831414,Westbrook
9.0,7.5,exact,0.4211809622029234,0.23375153239826868,0.3450675053988079,Westbrook
9.5,7.0,paper,0.3759404460730598,0.23256288583661194,0.3914966680903283,Sauerbeck
9.5,7.0,round,0.40305658635201635,0.2344740900538096,0.3624693235941741,Westbrook
9.5,7.0,exact,0.4191364595885114,0.23567616532216995,0.3451873750893187,Westbrook
10.0,6.5,paper,0.42196491643892997,0.24308139390150896,0.33495368965956096,Westbrook
10.0,6.5,round,0.401936307971273,0.23988830327376076,0.35817538875496624,Westbrook
10.0,6.5,exact,0.4170919569740995,0.23760079824607117,0.3453072447798294,Westbrook
10.5,6.0,paper,0.39789663084467386,0.2456656021365728,0.3564377670187533,Westbrook
10.5,6.0,round,0.401936307971273,0.23988830327376076,0.35817538875496624,Westbrook
10.5,6.0,exact,0.4150474543596874,0.23952543116997238,0.3454271144703402,Westbrook
11.0,5.5,paper,0.39789663084467386,0.2456656021365728,0.3564377670187533,Westbrook
11.0,5.5,round,0.42375279213219846,0.24272144255270023,0.3335257653151013,Westbrook
11.0,5.5,exact,0.41300295174527546,0.24145006409387365,0.34554698416085106,Westbrook
11.5,5.0,paper,0.39314603813584414,0.2477420117394981,0.3591119501246578,Westbrook
11.5,5.0,round,0.42375279213219846,0.24272144255270023,0.3335257653151013,Westbrook
11.5,5.0,exact,0.4109584491308633,0.24337469701777487,0.34566685385136176,Westbrook
12.0,4.5,paper,0.4418324414243393,0.2592849669562457,0.2988825916194151,Westbrook
12.0,4.5,round,0.40708041757123886,0.24842806337196432,0.3444915190567968,Westbrook
12.0,4.5,exact,0.4089139465164514,0.24529932994167614,0.34578672354187256,Westbrook
12.5,4.0,paper,0.44651575062780924,0.26142572454486607,0.2920585248273247,Westbrook
12.5,4.0,round,0.39618507415351917,0.24787265391839725,0.3559422719280836,Westbrook
12.5,4.0,exact,0.40686944390203933,0.24722396286557735,0.3459065932323833,Westbrook
13.0,3.5,paper,0.44651575062780924,0.26142572454486607,0.2920585248273247,Westbrook
13.0,3.5,round,0.39938323456792413,0.2498290346641995,0.35078773076787645,Westbrook
13.0,3.5,exact,0.4048249412876274,0.24914859578947865,0.346026462922894,Westbrook
13.5,3.0,paper,0.43642379074845117,0.26238571596822646,0.3011904932833224,Westbrook
13.5,3.0,round,0.3915758535700171,0.24912295179831004,0.3593011946316728,Westbrook
13.5,3.0,exact,0.4027804386732153,0.25107322871337984,0.3461463326134049,Westbrook
14.0,2.5,paper,0.43344961682210376,0.26180052641903867,0.3047498567588576,Westbrook
14.0,2.5,round,0.3892792955463928,0.25280449939028116,0.35791620506332605,Westbrook
14.0,2.5,exact,0.4007359360588035,0.2529978616372811,0.3462662023039154,Westbrook
14.5,2.0,paper,0.4469267412507337,0.26486987122188543,0.2882033875273809,Westbrook
14.5,2.0,round,0.38104930337602083,0.25366845544683814,0.3652822411771409,Westbrook
14.5,2.0,exact,0.3986914334443913,0.2549224945611823,0.34638607199442634,Westbrook
15.0,1.5,paper,0.44223192231555286,0.264963184688147,0.29280489299630014,Westbrook
15.0,1.5,round,0.37467313501452293,0.25438663270801165,0.3709402322774654,Westbrook
15.0,1.5,exact,0.3966469308299794,0.2568471274850836,0.34650594168493704,Westbrook
15.5,1.0,paper,0.44223192231555286,0.264963184688147,0.29280489299630014,Westbrook
15.5,1.0,round,0.363920070287307,0.2540430910739791,0.382036838638714,Sauerbeck
15.5,1.0,exact,0.39460242821556746,0.25877176040898486,0.34662581137544773,Westbrook
16.0,0.5,paper,0.44223192231555286,0.264963184688147,0.29280489299630014,Westbrook
16.0,0.5,round,0.3873078744352585,0.26054013650857094,0.3521519890561707,Westbrook
16.0,0.5,exact,0.3925579256011554,0.260696393332886,0.34674568106595854,Westbrook
16.5,0.0,paper,0.44223192231555286,0.264963184688147,0.29280489299630014,Westbrook
16.5,0.0,round,0.3873078744352585,0.26054013650857094,0.3521519890561707,Westbrook
16.5,0.0,exact,0.3857778512897122,0.25755384897092304,0.3566682997393648,Westbrook
